<?xml version="1.0" encoding="UTF-8"?>
<project-private xmlns="http://www.netbeans.org/ns/project-private/1">
    <editor-bookmarks xmlns="http://www.netbeans.org/ns/editor-bookmarks/2" lastBookmarkId="0"/>
    <open-files xmlns="http://www.netbeans.org/ns/projectui-open-files/2">
        <group>
            <file>file:/C:/Users/cnata/Documents/7_SEMESTRE/Digital_2/Laboratorio/LAB_REPOSITORIO/MINI_PROYECTO_1/MAESTRO_mini1.X/SPI.c</file>
            <file>file:/C:/Users/cnata/Documents/7_SEMESTRE/Digital_2/Laboratorio/LAB_REPOSITORIO/MINI_PROYECTO_1/MAESTRO_mini1.X/main_maestro.c</file>
            <file>file:/C:/Users/cnata/Documents/7_SEMESTRE/Digital_2/Laboratorio/LAB_REPOSITORIO/MINI_PROYECTO_1/MAESTRO_mini1.X/SPI.h</file>
        </group>
    </open-files>
</project-private>
