<?xml version="1.0" encoding="UTF-8"?>
<project-private xmlns="http://www.netbeans.org/ns/project-private/1">
    <editor-bookmarks xmlns="http://www.netbeans.org/ns/editor-bookmarks/2" lastBookmarkId="0"/>
    <open-files xmlns="http://www.netbeans.org/ns/projectui-open-files/2">
        <group>
            <file>file:/C:/Users/cnata/Documents/7_SEMESTRE/Digital_2/Laboratorio/LAB_REPOSITORIO/LAB3-DIGITAL2.X/USART.c</file>
            <file>file:/C:/Users/cnata/Documents/7_SEMESTRE/Digital_2/Laboratorio/LAB_REPOSITORIO/LAB3-DIGITAL2.X/LCD.c</file>
            <file>file:/C:/Users/cnata/Documents/7_SEMESTRE/Digital_2/Laboratorio/LAB_REPOSITORIO/LAB3-DIGITAL2.X/pseudocodigo_lab3.c</file>
            <file>file:/C:/Users/cnata/Documents/7_SEMESTRE/Digital_2/Laboratorio/LAB_REPOSITORIO/LAB3-DIGITAL2.X/LCD.h</file>
            <file>file:/C:/Users/cnata/Documents/7_SEMESTRE/Digital_2/Laboratorio/LAB_REPOSITORIO/LAB3-DIGITAL2.X/USART.h</file>
        </group>
    </open-files>
</project-private>
